rank,tier,gutenberg,title,author,year,downloads_30d,form,source,in_old_bank,old_slug
1,A,2638,The Idiot,Fyodor Dostoevsky,1869,12869,novel,curated-pool,,
2,A,2814,Dubliners,James Joyce,1914,12784,short story collection,curated-pool,,
3,A,910,White Fang,Jack London,1906,12571,novel,curated-pool,True,g910
4,A,26,Paradise Lost,John Milton,1667,12344,poem,curated-pool,,
5,A,61,The Communist Manifesto,Karl Marx and Friedrich Engels,1848,12066,nonfiction,curated-pool,,
6,A,105,Persuasion,Jane Austen,1817,11688,novel,curated-pool,True,b50
7,A,1874,The Railway Children,E. Nesbit,1906,10995,novel,curated-pool,True,g1874
8,A,421,Kidnapped,Robert Louis Stevenson,1886,9755,novel,curated-pool,True,g421
9,A,1268,The Mysterious Island,Jules Verne,1874,9741,novel,curated-pool,True,g1268
10,A,940,The Last of the Mohicans,James Fenimore Cooper,1826,9647,novel,curated-pool,True,g940
11,A,139,The Lost World,Arthur Conan Doyle,1912,9539,novel,curated-pool,True,g139
12,A,2500,Siddhartha,Hermann Hesse,1922,9381,novel,curated-pool,,
13,A,140,The Jungle,Upton Sinclair,1905,8892,novel,curated-pool,True,g140
14,A,4217,A Portrait of the Artist as a Young Man,James Joyce,1916,8579,novel,curated-pool,,
15,A,308,Three Men in a Boat,Jerome K. Jerome,1889,7984,novel,curated-pool,,
16,A,4517,Ethan Frome,Edith Wharton,1911,7695,novella,curated-pool,,
17,A,141,Mansfield Park,Jane Austen,1814,7376,novel,curated-pool,,
18,A,5230,The Invisible Man,H. G. Wells,1897,7093,novel,curated-pool,,
19,A,11231,"Bartleby, the Scrivener",Herman Melville,1853,6200,short story,curated-pool,,
20,A,972,The Devil's Dictionary,Ambrose Bierce,1911,6172,nonfiction,curated-pool,,
21,A,4276,North and South,Elizabeth Gaskell,1855,6162,novel,curated-pool,,
22,A,60976,Rip Van Winkle,Washington Irving,1818,5521,short story,curated-pool,,
23,A,375,An Occurrence at Owl Creek Bridge,Ambrose Bierce,1890,5510,short story,curated-pool,,
24,A,159,The Island of Doctor Moreau,H. G. Wells,1896,5465,novel,curated-pool,,
25,A,541,The Age of Innocence,Edith Wharton,1920,5356,novel,curated-pool,True,g541
26,A,82,Ivanhoe,Walter Scott,1819,5342,novel,curated-pool,,
27,A,60,The Scarlet Pimpernel,Baroness Orczy,1905,5053,novel,curated-pool,True,g60
28,A,201,Flatland,Edwin A. Abbott,1884,4122,novella,curated-pool,,
29,A,107,Far from the Madding Crowd,Thomas Hardy,1874,4112,novel,curated-pool,,
30,A,284,The House of Mirth,Edith Wharton,1905,4060,novel,curated-pool,True,g284
31,A,73144,Lady Chatterley's Lover,D. H. Lawrence,1928,4026,novel,curated-pool,,
32,A,148,The Autobiography of Benjamin Franklin,Benjamin Franklin,1791,3999,nonfiction,curated-pool,,
33,A,1450,Pollyanna,Eleanor H. Porter,1913,3895,novel,curated-pool,True,g1450
34,A,1522,Julius Caesar,William Shakespeare,1598,3731,play,curated-pool,,
35,A,5658,Lord Jim,Joseph Conrad,1900,3607,novel,curated-pool,True,g5658
36,A,78,Tarzan of the Apes,Edgar Rice Burroughs,1912,3571,novel,curated-pool,True,g78
37,A,6157,How Much Land Does a Man Need?,Leo Tolstoy,1886,3512,short story,curated-pool,,
38,A,75170,The Sound and the Fury,William Faulkner,1929,3479,novel,curated-pool,,
39,A,2166,King Solomon's Mines,H. Rider Haggard,1885,3424,novel,curated-pool,True,g2166
40,A,550,Silas Marner,George Eliot,1861,3410,novel,curated-pool,,
41,A,969,The Tenant of Wildfell Hall,Anne Brontë,1848,3377,novel,curated-pool,,
42,A,44747,The Red and the Black,Stendhal,1830,3271,novel,curated-pool,,
43,A,153,Jude the Obscure,Thomas Hardy,1895,3225,novel,curated-pool,,
44,A,61221,A Passage to India,E. M. Forster,1924,3136,novel,curated-pool,,
45,A,242,My Ántonia,Willa Cather,1918,3065,novel,curated-pool,,
46,A,73011,The House at Pooh Corner,A. A. Milne,1928,2940,children's book,curated-pool,,
47,A,143,The Mayor of Casterbridge,Thomas Hardy,1886,2713,novel,curated-pool,,
48,A,507,Adam Bede,George Eliot,1859,2681,novel,curated-pool,,
49,A,1156,Babbitt,Sinclair Lewis,1922,2599,novel,curated-pool,True,g1156
50,A,1074,The Sea-Wolf,Jack London,1904,2597,novel,curated-pool,True,g1074
51,A,1237,Père Goriot,Honoré de Balzac,1835,2421,novel,curated-pool,,
52,A,75756,Steppenwolf,Hermann Hesse,1929,2279,novel,curated-pool,,
53,A,95,The Prisoner of Zenda,Anthony Hope,1894,2255,novel,curated-pool,True,g95
54,A,351,Of Human Bondage,W. Somerset Maugham,1915,2226,novel,curated-pool,,
55,A,78220,The Murder at the Vicarage,Agatha Christie,1930,1947,novel,curated-pool,,
56,A,396,"The Lady, or the Tiger?",Frank R. Stockton,1882,1915,short story,curated-pool,,
57,A,964,The Merry Adventures of Robin Hood,Howard Pyle,1883,1722,novel,curated-pool,True,g964
58,A,66073,Death in Venice,Thomas Mann,1912,1679,novella,curated-pool,,
59,A,61085,In Our Time,Ernest Hemingway,1925,1611,short story collection,curated-pool,,
60,A,2834,The Portrait of a Lady,Henry James,1881,1450,novel,curated-pool,,
61,A,77924,The Secret of the Old Clock,Carolyn Keene,1930,1353,novel,curated-pool,,
62,A,61620,The Mark of Zorro,Johnston McCulley,1919,1210,novel,curated-pool,,
63,A,69730,Death Comes for the Archbishop,Willa Cather,1927,911,novel,curated-pool,,
64,A,69768,The Bridge of San Luis Rey,Thornton Wilder,1927,899,novel,curated-pool,,
65,A,78157,Strong Poison,Dorothy L. Sayers,1930,774,novel,curated-pool,,
66,B,65238,The Secret of Chimneys,Agatha Christie,1925,86601,novel,curated-pool,,
67,B,3268,The Mysteries of Udolpho,Ann Radcliffe,1794,84458,novel,curated-pool,True,g3268
68,B,2465,Carmen,Prosper Mérimée,1845,77289,novella,curated-pool,True,g2465
69,B,564,The Mystery of Edwin Drood,Charles Dickens,1870,61536,novel,curated-pool,True,g564
70,B,601,The Monk,M. G. Lewis,1796,54719,novel,curated-pool,True,g601
71,B,223,The Wisdom of Father Brown,G. K. Chesterton,1914,50651,short story collection,curated-pool,True,g223
72,B,393,The Blue Lagoon,H. De Vere Stacpoole,1908,49758,novel,curated-pool,True,g393
73,B,468,Manon Lescaut,Antoine François Prévost,1731,49485,novel,curated-pool,,
74,B,589,Catriona,Robert Louis Stevenson,1893,48695,novel,curated-pool,True,g589
75,B,10002,The House on the Borderland,William Hope Hodgson,1908,48309,novel,curated-pool,,
76,B,69700,The Case-Book of Sherlock Holmes,Arthur Conan Doyle,1927,48143,short story collection,curated-pool,,
77,B,58866,The Murder on the Links,Agatha Christie,1923,48122,novel,curated-pool,,
78,B,3289,The Valley of Fear,Arthur Conan Doyle,1915,47643,novel,curated-pool,True,g3289
79,B,61168,The Man in the Brown Suit,Agatha Christie,1924,47569,novel,curated-pool,,
80,B,560,Mr. Standfast,John Buchan,1919,47388,novel,curated-pool,True,g560
81,B,8954,Lady Audley's Secret,Mary Elizabeth Braddon,1862,47288,novel,curated-pool,,
82,B,1259,Twenty Years After,Alexandre Dumas,1845,47260,novel,curated-pool,True,g1259
83,B,70114,The Big Four,Agatha Christie,1927,47170,novel,curated-pool,,
84,B,2350,His Last Bow,Arthur Conan Doyle,1917,47063,short story collection,curated-pool,True,g2350
85,B,2360,The Riddle of the Sands,Erskine Childers,1903,46829,novel,curated-pool,True,g2360
86,B,50133,The Dunwich Horror,H. P. Lovecraft,1929,46777,short story,curated-pool,,
87,B,389,The Great God Pan,Arthur Machen,1894,46720,novella,curated-pool,True,g389
88,B,72824,The Mystery of the Blue Train,Agatha Christie,1928,46665,novel,curated-pool,,
89,B,8486,Ghost Stories of an Antiquary,M. R. James,1904,46088,short story collection,curated-pool,,
90,B,1685,The Mystery of the Yellow Room,Gaston Leroux,1907,45788,novel,curated-pool,True,g1685
91,B,57669,The Problem of Cell 13,Jacques Futrelle,1905,45768,short story,curated-pool,,
92,B,1872,The Red House Mystery,A. A. Milne,1922,45473,novel,curated-pool,True,g1872
93,B,173,The Insidious Dr. Fu-Manchu,Sax Rohmer,1913,45339,novel,curated-pool,True,g173
94,B,2160,The Expedition of Humphry Clinker,Tobias Smollett,1771,42801,novel,curated-pool,,
95,B,17460,Lorna Doone,R. D. Blackmore,1869,36829,novel,curated-pool,,
96,B,1523,As You Like It,William Shakespeare,,36175,play,override,,
97,B,9911,First Love,Ivan Turgenev,1860,32730,novella,curated-pool,,
98,B,921,De Profundis,Oscar Wilde,1905,27237,letter,curated-pool,,
99,B,1079,Tristram Shandy,Laurence Sterne,1759,20499,novel,curated-pool,,
100,B,696,The Castle of Otranto,Horace Walpole,1764,20422,novel,curated-pool,True,g696
101,B,2040,Confessions of an English Opium-Eater,Thomas De Quincey,1821,19258,nonfiction,curated-pool,True,g2040
102,B,38703,The Black Moth,Georgette Heyer,1921,17597,novel,curated-pool,,
103,B,62,A Princess of Mars,Edgar Rice Burroughs,1912,11471,novel,curated-pool,True,g62
104,B,1170,Anabasis,Xenophon,1859,11047,nonfiction,curated-pool,,
105,B,64,The Gods of Mars,Edgar Rice Burroughs,1913,7938,novel,curated-pool,True,g64
106,B,786,Hard Times,Charles Dickens,1854,7132,novel,curated-pool,,
107,B,131,The Pilgrim's Progress,John Bunyan,1678,6126,novel,curated-pool,,
108,B,8117,Demons,Fyodor Dostoevsky,1872,5822,novel,curated-pool,,
109,B,6087,The Vampyre,John William Polidori,1819,5666,novella,curated-pool,True,g6087
110,B,47,Anne of Avonlea,L. M. Montgomery,1909,5269,novel,curated-pool,,
111,B,883,Our Mutual Friend,Charles Dickens,1864,4745,novel,curated-pool,,
112,B,503,The Blue Fairy Book,Andrew Lang,1889,4731,fairy tales,curated-pool,True,g503
113,B,2853,Quo Vadis,Henryk Sienkiewicz,1896,4567,novel,curated-pool,True,g2853
114,B,512,Mosses from an Old Manse,Nathaniel Hawthorne,1846,4530,short story collection,curated-pool,True,g512
115,B,1056,Martin Eden,Jack London,1909,4067,novel,curated-pool,,
116,B,1515,The Merchant of Venice,William Shakespeare,,3823,play,override,,
117,B,805,This Side of Paradise,F. Scott Fitzgerald,1920,3638,novel,curated-pool,,
118,B,963,Little Dorrit,Charles Dickens,1857,3516,novel,curated-pool,,
119,B,700,The Old Curiosity Shop,Charles Dickens,1840,3496,novel,curated-pool,,
120,B,9182,Villette,Charlotte Brontë,1853,3459,novel,curated-pool,,
121,B,222,The Moon and Sixpence,W. Somerset Maugham,1919,3211,novel,curated-pool,,
122,B,2197,The Gambler,Fyodor Dostoevsky,1867,3194,novel,curated-pool,,
123,B,32,Herland,Charlotte Perkins Gilman,1915,3135,novel,curated-pool,,
124,B,708,The Princess and the Goblin,George MacDonald,1872,3108,novel,curated-pool,True,g708
125,B,11438,The Willows,Algernon Blackwood,1907,3085,novella,curated-pool,,
126,B,208,Daisy Miller,Henry James,1879,3066,novella,curated-pool,,
127,B,102,Pudd'nhead Wilson,Mark Twain,1894,3060,novel,curated-pool,,
128,B,1210,Kwaidan,Lafcadio Hearn,1904,3007,short story collection,curated-pool,,
129,B,5160,The Mabinogion,Anonymous,,2983,myth,curated-pool,True,g5160
130,B,9830,The Beautiful and Damned,F. Scott Fitzgerald,1922,2934,novel,curated-pool,,
131,B,501,The Story of Doctor Dolittle,Hugh Lofting,1920,2875,novel,curated-pool,True,g501
132,B,54,The Marvelous Land of Oz,L. Frank Baum,1904,2865,novel,curated-pool,,
133,B,18247,The Last Man,Mary Shelley,1826,2809,novel,curated-pool,,
134,B,217,Sons and Lovers,D. H. Lawrence,1913,2769,novel,curated-pool,,
135,B,2759,The Man in the Iron Mask,Alexandre Dumas,1850,2761,novel,curated-pool,True,g2759
136,B,122,The Return of the Native,Thomas Hardy,1878,2621,novel,curated-pool,,
137,B,13707,Twice-Told Tales,Nathaniel Hawthorne,1837,2605,short story collection,curated-pool,,
138,B,624,Looking Backward,Edward Bellamy,1888,2594,novel,curated-pool,,
139,B,144,The Voyage Out,Virginia Woolf,1915,2497,novel,curated-pool,,
140,B,2302,Poor Folk,Fyodor Dostoevsky,1846,2426,novel,curated-pool,,
141,B,689,The Kreutzer Sonata,Leo Tolstoy,1889,2328,novella,curated-pool,,
142,B,220,The Secret Sharer,Joseph Conrad,1910,2322,novella,curated-pool,,
143,B,3155,She,H. Rider Haggard,1887,2317,novel,curated-pool,,
144,B,416,"Winesburg, Ohio",Sherwood Anderson,1919,2316,short story collection,curated-pool,,
145,B,543,Main Street,Sinclair Lewis,1920,2277,novel,curated-pool,True,g543
146,B,1093,The Beast in the Jungle,Henry James,1903,2270,novella,curated-pool,,
147,B,24,O Pioneers!,Willa Cather,1913,2234,novel,curated-pool,,
148,B,1938,Resurrection,Leo Tolstoy,1899,2230,novel,curated-pool,,
149,B,1900,Typee,Herman Melville,1846,2227,novel,curated-pool,True,g1900
150,B,1965,Captain Blood,Rafael Sabatini,1922,2188,novel,curated-pool,,
151,B,37536,The House of the Dead,Fyodor Dostoevsky,1862,2182,novel,curated-pool,,
152,B,479,Little Lord Fauntleroy,Frances Hodgson Burnett,1886,2180,novel,curated-pool,,
153,B,6124,Pamela,Samuel Richardson,1740,2143,novel,curated-pool,,
154,B,1164,The Iron Heel,Jack London,1908,2136,novel,curated-pool,,
155,B,1534,Antony and Cleopatra,William Shakespeare,,2116,play,override,,
156,B,7469,Daniel Deronda,George Eliot,1876,2085,novel,curated-pool,,
157,B,1300,Riders of the Purple Sage,Zane Grey,1912,2019,novel,curated-pool,True,g1300
158,B,4240,Women in Love,D. H. Lawrence,1920,2014,novel,curated-pool,,
159,B,903,The White Company,Arthur Conan Doyle,1891,2013,novel,curated-pool,True,g903
160,B,5231,The Way We Live Now,Anthony Trollope,1875,2005,novel,curated-pool,,
161,B,767,Agnes Grey,Anne Brontë,1847,1999,novel,curated-pool,,
162,B,41085,La Vita Nuova,Dante Alighieri,1295,1982,poem,curated-pool,,
163,B,432,The Ambassadors,Henry James,1903,1914,novel,curated-pool,,
164,B,165,McTeague,Frank Norris,1899,1907,novel,curated-pool,,
165,B,2153,Mary Barton,Elizabeth Gaskell,1848,1831,novel,curated-pool,,
166,B,5998,Waverley,Walter Scott,1814,1799,novel,curated-pool,,
167,B,81,The Return of Tarzan,Edgar Rice Burroughs,1913,1794,novel,curated-pool,,
168,B,28948,The Rainbow,D. H. Lawrence,1915,1794,novel,curated-pool,,
169,B,28961,Heart,Edmondo de Amicis,1886,1750,novel,curated-pool,,
170,B,2667,The Vicar of Wakefield,Oliver Goldsmith,1766,1664,novel,curated-pool,,
171,B,6053,Evelina,Frances Burney,1778,1654,novel,curated-pool,,
172,B,370,Moll Flanders,Daniel Defoe,1722,1613,novel,curated-pool,,
173,B,8118,Redburn,Herman Melville,1849,1591,novel,curated-pool,,
174,B,913,A Hero of Our Time,Mikhail Lermontov,1840,1515,novel,curated-pool,,
175,B,36483,Wilhelm Meister's Apprenticeship,Johann Wolfgang von Goethe,1795,1475,novel,curated-pool,,
176,B,525,Youth,Joseph Conrad,1898,1463,short story,curated-pool,True,g525
177,B,5670,Jacob's Room,Virginia Woolf,1922,1462,novel,curated-pool,,
178,B,20657,Tales from Shakespeare,Charles and Mary Lamb,1807,1452,short story collection,curated-pool,,
179,B,836,The Phoenix and the Carpet,E. Nesbit,1904,1447,novel,curated-pool,,
180,B,64682,The Painted Veil,W. Somerset Maugham,1925,1441,novel,curated-pool,,
181,B,6626,Thérèse Raquin,Émile Zola,1867,1434,novel,curated-pool,,
182,B,3285,The Deerslayer,James Fenimore Cooper,1841,1428,novel,curated-pool,True,g3285
183,B,3409,Barchester Towers,Anthony Trollope,1857,1384,novel,curated-pool,,
184,B,1290,Salammbô,Gustave Flaubert,1862,1369,novel,curated-pool,,
185,B,268,The Octopus,Frank Norris,1901,1341,novel,curated-pool,,
186,B,873,A House of Pomegranates,Oscar Wilde,1891,1337,short story collection,curated-pool,,
187,B,1715,Eugénie Grandet,Honoré de Balzac,1833,1284,novel,curated-pool,,
188,B,2081,The Blithedale Romance,Nathaniel Hawthorne,1852,1279,novel,curated-pool,,
189,B,2276,The Private Memoirs and Confessions of a Justified Sinner,James Hogg,1824,1270,novel,curated-pool,True,g2276
190,B,39858,Trilby,George du Maurier,1894,1263,novel,curated-pool,True,g39858
191,B,126,The Poison Belt,Arthur Conan Doyle,1913,1250,novel,curated-pool,,
192,B,1947,Scaramouche,Rafael Sabatini,1921,1227,novel,curated-pool,True,g1947
193,B,42401,Vathek,William Beckford,1786,1175,novel,curated-pool,,
194,B,1142,Typhoon,Joseph Conrad,1902,1173,novella,curated-pool,True,g1142
195,B,35155,The Betrothed,Alessandro Manzoni,1827,1173,novel,curated-pool,,
196,B,3154,The Surprising Adventures of Baron Munchausen,Rudolf Erich Raspe,1785,1172,novel,curated-pool,True,g3154
197,B,5164,The Beetle,Richard Marsh,1897,1157,novel,curated-pool,True,g5164
198,B,21970,The Scarlet Plague,Jack London,1912,1146,novel,curated-pool,,
199,B,1999,Crome Yellow,Aldous Huxley,1921,1138,novel,curated-pool,,
200,B,2948,Where Angels Fear to Tread,E. M. Forster,1905,1127,novel,curated-pool,,
201,B,2275,The Pioneers,James Fenimore Cooper,1823,1117,novel,curated-pool,,
202,B,176,Roderick Hudson,Henry James,1875,1117,novel,curated-pool,,
203,B,3781,The Jewel of Seven Stars,Bram Stoker,1903,1113,novel,curated-pool,,
204,B,10832,"Carnacki, the Ghost-Finder",William Hope Hodgson,1913,1107,short story collection,curated-pool,,
205,B,11052,The Custom of the Country,Edith Wharton,1913,1099,novel,curated-pool,,
206,B,70128,Max Havelaar,Multatuli,1860,1093,novel,curated-pool,,
207,B,1307,La Peau de chagrin,Honoré de Balzac,1831,1087,novel,curated-pool,,
208,B,780,The War in the Air,H. G. Wells,1908,1074,novel,curated-pool,,
209,B,24020,Romola,George Eliot,1863,1071,novel,curated-pool,,
210,B,1188,The Lair of the White Worm,Bram Stoker,1911,1060,novel,curated-pool,True,g1188
211,B,10935,The Wonderful Adventures of Nils,Selma Lagerlöf,1906,1054,novel,curated-pool,,
212,B,73042,The Well of Loneliness,Radclyffe Hall,1928,1034,novel,curated-pool,,
213,B,211,The Aspern Papers,Henry James,1888,1028,novella,curated-pool,,
214,B,3431,The Gadfly,Ethel Lilian Voynich,1897,1023,novel,curated-pool,,
215,B,804,A Sentimental Journey Through France and Italy,Laurence Sterne,1768,1020,novel,curated-pool,,
216,B,1521,Henry V,William Shakespeare,,1017,play,override,,
217,B,1845,Zuleika Dobson,Max Beerbohm,1911,1009,novel,curated-pool,,
218,B,1018,The Water-Babies,Charles Kingsley,1863,1005,novel,curated-pool,,
219,B,434,The Circular Staircase,Mary Roberts Rinehart,1908,997,novel,curated-pool,True,g434
220,B,467,La Princesse de Clèves,Madame de Lafayette,1678,996,novel,curated-pool,,
221,B,2604,The Longest Journey,E. M. Forster,1907,989,novel,curated-pool,,
222,B,718,Tono-Bungay,H. G. Wells,1909,979,novel,curated-pool,,
223,B,486,Ozma of Oz,L. Frank Baum,1907,966,novel,curated-pool,True,g486
224,B,778,Five Children and It,E. Nesbit,1902,960,novel,curated-pool,,
225,B,16457,Around the Moon,Jules Verne,1870,945,novel,curated-pool,,
226,B,7118,What Maisie Knew,Henry James,1897,944,novel,curated-pool,,
227,B,1749,Cousin Bette,Honoré de Balzac,1846,935,novel,curated-pool,,
228,B,70083,The Tower Treasure,Franklin W. Dixon,1927,868,novel,curated-pool,,
229,B,70875,Arrowsmith,Sinclair Lewis,1925,860,novel,curated-pool,,
230,B,66829,Gentlemen Prefer Blondes,Anita Loos,1925,856,novel,curated-pool,,
231,B,77900,Vile Bodies,Evelyn Waugh,1930,508,novel,curated-pool,,
232,,8492,The King in Yellow,Robert W. Chambers,1895,81466,,catalogue-match,,
233,,59828,The String of Pearls,James Malcolm Rymer,1846,66619,,catalogue-match,,
234,,61262,Poirot Investigates,Agatha Christie,1924,48520,,catalogue-match,,
235,,70175,The Secret of Father Brown,G. K. Chesterton,1926,47742,,catalogue-match,,
236,,75288,The Seven Dials Mystery,Agatha Christie,1929,46553,,catalogue-match,,
237,,537,Tales of Terror and Mystery,Arthur Conan Doyle,,46136,,old-bank,True,g537
238,,30340,The Passionate Friends: A Novel,H. G. Wells,1913,45708,novel,wikidata,,
239,,70008,Unnatural Death (novel),Dorothy L. Sayers,1927,45692,,catalogue-match,,
240,,15384,The Real Adventure,Henry Kitchell Webster,,45503,,old-bank,True,g15384
241,,1686,The Secret of the Night,Gaston Leroux,,44948,,old-bank,True,g1686
242,,3321,Children of the Whirlwind,Leroy Scott,,44677,,old-bank,True,g3321
243,,23172,The Damned Thing,Ambrose Bierce,1893,44414,,catalogue-match,,
244,,2813,The Grand Babylon Hôtel,Arnold Bennett,,44318,,old-bank,True,g2813
245,,6761,"The Adventures of Ferdinand, Count Fathom",Tobias Smollett,1753,43408,novel,wikidata,,
246,,4085,The Adventures of Roderick Random,Tobias Smollett,1748,41938,novel,wikidata,,
247,,42389,The Pirate (novel),Walter Scott,1822,36867,,wikidata,,
248,,224,A Pair of Blue Eyes,Thomas Hardy,1873,36459,novel,wikidata,,
249,,3922,The Red Lily (novel),Anatole France,1894,35345,novel,wikidata,,
250,,19771,Henrietta Temple,Benjamin Disraeli,1837,34159,,catalogue-match,,
251,,6768,The Man Upstairs (short story collection),P. G. Wodehouse,1914,33399,,wikidata,,
252,,9473,The Knights of the Cross,Henryk Sienkiewicz,1900,33186,,catalogue-match,,
253,,3044,Desperate Remedies,Thomas Hardy,1871,33129,novel,wikidata,,
254,,3146,Two on a Tower,Thomas Hardy,1882,32722,novel,wikidata,,
255,,15399,The Interesting Narrative of the Life of Olaudah Equiano,Olaudah Equiano,1789,32350,,wikidata,,
256,,851,A Narrative of the Captivity and Restoration of Mrs. Mary Rowlandson,Mary Rowlandson,1682,27935,,catalogue-match,,
257,,500,The Adventures of Pinocchio,Carlo Collodi,1883,21102,,catalogue-match,,
258,,36034,White Nights (short story),Fyodor Dostoyevsky,1848,20859,,catalogue-match,,
259,,1200,Gargantua,François Rabelais,1534,20832,,catalogue-match,,
260,,45631,Twelve Years a Slave,Solomon Northup,1853,20792,,catalogue-match,,
261,,30201,In Praise of Folly,Erasmus,1511,18068,,catalogue-match,,
262,,78084,The Mysterious Mr Quin,Agatha Christie,1930,17846,,catalogue-match,,
263,,4599,The Small House at Allington,Anthony Trollope,1862,17765,novel,wikidata,,
264,,78016,Herman Melville (book),Lewis Mumford,1929,17311,,catalogue-match,,
265,,78120,The Marvellous Land of Snergs,Edward Wyke-Smith,1927,17285,,catalogue-match,,
266,,27432,The Fifth Queen,Ford Madox Ford,1906,17227,,catalogue-match,,
267,,34181,Irene Iddesleigh,Amanda McKittrick Ros,1897,17175,novel,wikidata,,
268,,7895,A Terrible Temptation,Charles Reade,1871,17054,novel,wikidata,,
269,,3526,Five Weeks in a Balloon,Jules Verne,,17036,,old-bank,True,g3526
270,,75643,The Black Abbot (novel),Edgar Wallace,1926,16988,,catalogue-match,,
271,,1680,La Maison du chat-qui-pelote,Honoré de Balzac,1829,16967,novella,wikidata,,
272,,78024,The Woman of Andros,Thornton Wilder,1930,16792,,catalogue-match,,
273,,59931,The Love Story of Aliette Brunton (novel),Gilbert Frankau,1922,16749,,catalogue-match,,
274,,76352,The World Below,S. Fowler Wright,1929,16066,,catalogue-match,,
275,,76257,The Crimson Circle (novel),Edgar Wallace,1922,15841,,catalogue-match,,
276,,75998,Daredevil (novel),Leslie Charteris,1929,15701,,catalogue-match,,
277,,75949,Terror Keep,Edgar Wallace,1927,15608,,catalogue-match,,
278,,76212,Kate Plus Ten (novel),Edgar Wallace,1917,15540,,catalogue-match,,
279,,75808,Four Square Jane,Edgar Wallace,1929,15520,,catalogue-match,,
280,,10007,Carmilla,Sheridan Le Fanu,1872,13093,,catalogue-match,,
281,,110,Tess of the d'Urbervilles,Thomas Hardy,1891,8771,,catalogue-match,,
282,,7256,The Gift of the Magi,O. Henry,1906,8297,,catalogue-match,,
283,,902,The Devoted Friend,Oscar Wilde,1888,7685,short story,wikidata,,
284,,3177,Roughing It,Mark Twain,1872,7638,,wikidata,,
285,,1153,The Chessmen of Mars,Edgar Rice Burroughs,1922,6917,novel,old-bank,True,g1153
286,,146,A Little Princess,Frances Hodgson Burnett,1905,6428,,catalogue-match,,
287,,932,The Fall of the House of Usher,Edgar Allan Poe,1839,6292,,catalogue-match,,
288,,12122,The Monkey's Paw,W. W. Jacobs,1902,6250,,catalogue-match,,
289,,13415,The Lady with the Dog,Anton Chekhov,1899,5925,,catalogue-match,,
290,,553,Out of Time's Abyss,Edgar Rice Burroughs,,5736,,old-bank,True,g553
291,,16199,Memoirs of the Author of A Vindication of the Rights of Woman,William Godwin,1798,5301,,catalogue-match,,
292,,51,Anne of the Island,Lucy Maud Montgomery,1915,5116,,wikidata,,
293,,3178,The Gilded Age: A Tale of Today,Charles Dudley Warner & Mark Twain,1873,5038,novel,wikidata,,
294,,74222,Demian,Hermann Hesse,1919,4419,,catalogue-match,,
295,,1064,The Masque of the Red Death,Edgar Allan Poe,1842,4093,,catalogue-match,,
296,,1081,Dead Souls,Nikolai Gogol,1842,3968,,catalogue-match,,
297,,14522,The Canterville Ghost,Oscar Wilde,1887,3867,,catalogue-match,,
298,,6852,Venus in Furs,Leopold von Sacher-Masoch,1870,3730,,catalogue-match,,
299,,11757,The Velveteen Rabbit,Margery Williams,1922,3714,,catalogue-match,,
300,,40580,A General History of the Pyrates,Charles Johnson,1724,3600,,catalogue-match,,
301,,6688,The Mill on the Floss,George Eliot,1860,3590,,catalogue-match,,
302,,3189,Sketches New and Old,Mark Twain,1875,3575,short story collection,wikidata,,
303,,1254,Cyrano de Bergerac (play),Edmond Rostand,1897,3517,,catalogue-match,,
304,,1091,"On Heroes, Hero-Worship, & the Heroic in History",Thomas Carlyle,1841,3501,,wikidata,,
305,,2232,The Duchess of Malfi,John Webster,1623,3469,play,wikidata,,
306,,11870,The Country of the Blind,H. G. Wells,1904,3460,,catalogue-match,,
307,,544,Anne's House of Dreams,Lucy Maud Montgomery,1917,3359,,catalogue-match,,
308,,2885,The House of the Wolfings,William Morris,1889,3344,novel,wikidata,,
309,,77,The House of the Seven Gables,Nathaniel Hawthorne,1858,3285,,catalogue-match,,
310,,119,A Tramp Abroad,Mark Twain,1880,3217,,catalogue-match,,
311,,12233,Stonewall Jackson and the American Civil War,George Francis Robert Henderson,1898,3200,,catalogue-match,,
312,,79401,Pickman's Model,H. P. Lovecraft,1927,3159,,catalogue-match,,
313,,821,Dombey and Son,Charles Dickens,1848,3118,novel,wikidata,,
314,,27365,Tales of Space and Time,H. G. Wells,1899,3106,,catalogue-match,,
315,,29021,The Ridiculous Wishes,Charles Perrault,1693,3027,,wikidata,,
316,,60333,Selections from the Writings of Kierkegaard,Lee M. Hollander,1923,2949,,wikidata,,
317,,2776,The Four Million,O. Henry,1906,2943,,catalogue-match,,
318,,2044,The Education of Henry Adams,Henry Adams,1918,2926,,catalogue-match,,
319,,72890,The Eternal Moment,E. M. Forster,1928,2903,,catalogue-match,,
320,,2434,New Atlantis,Francis Bacon,1627,2866,novel,wikidata,,
321,,45524,The Open Boat,Stephen Crane,1897,2813,,catalogue-match,,
322,,325,Phantastes,George MacDonald,1858,2700,,catalogue-match,,
323,,10897,The Wendigo (novella),Algernon Blackwood,1910,2658,short story,wikidata,,
324,,79360,The Planet of Peril,Otis Adelbert Kline,1929,2631,,catalogue-match,,
325,,14833,Varney the Vampire,James Malcolm Rymer,1845,2621,novel,wikidata,,
326,,3186,The Mysterious Stranger,Mark Twain,1916,2621,,catalogue-match,,
327,,1906,Erewhon,Samuel Butler,1872,2595,,catalogue-match,,
328,,55283,The Bet (short story),Anton Chekhov,1889,2579,,catalogue-match,,
329,,79405,The Picture in the House,H. P. Lovecraft,1920,2568,,catalogue-match,,
330,,782,The Travels of Sir John Mandeville,John Mandeville,1356,2482,,catalogue-match,,
331,,15263,The Underground Railroad (Still),William Still,1872,2457,,wikidata,,
332,,46853,Le Morte d'Arthur,Thomas Malory,1485,2418,,catalogue-match,,
333,,3796,Rilla of Ingleside,Lucy Maud Montgomery,1921,2388,,wikidata,,
334,,26610,The Trail of the Hawk,Sinclair Lewis,1915,2378,,catalogue-match,,
335,,968,Martin Chuzzlewit,Charles Dickens,1844,2361,novel,wikidata,,
336,,26624,The Road to Oz,L. Frank Baum,1909,2353,novel,wikidata,,
337,,14872,The Tale of Squirrel Nutkin,Beatrix Potter,1903,2324,,wikidata,,
338,,12750,The Stolen Bacillus and Other Incidents,H. G. Wells,1895,2308,,catalogue-match,,
339,,21816,The Confidence-Man,Herman Melville,1857,2301,novel,wikidata,,
340,,917,Barnaby Rudge,Charles Dickens,1840,2281,novel,wikidata,,
341,,1937,The Second Jungle Book,Rudyard Kipling,1895,2255,,old-bank,True,g1937
342,,47935,Fathers and Sons (novel),Ivan Turgenev,1862,2238,,catalogue-match,,
343,,8525,Eve's Diary,Mark Twain,1906,2233,,catalogue-match,,
344,,5343,Rainbow Valley,Lucy Maud Montgomery,1919,2175,,catalogue-match,,
345,,61236,Emily of New Moon,Lucy Maud Montgomery,1923,2145,novel,wikidata,,
346,,30486,Shirley (novel),Charlotte Brontë,1849,2132,novel,wikidata,,
347,,14363,The Worst Journey in the World,Apsley Cherry-Garrard,1922,2100,,wikidata,,
348,,773,Lord Arthur Savile's Crime and Other Stories,Oscar Wilde,1891,2060,short story collection,wikidata,,
349,,172,The Haunted Bookshop,Christopher Morley,1919,2054,novel,wikidata,,
350,,2021,Nostromo,Joseph Conrad,1904,2038,,catalogue-match,,
351,,986,Master and Man (short story),Leo Tolstoy,1895,2012,short story;novella,wikidata,,
352,,22066,The Long Roll,Mary Johnston,,2010,,old-bank,True,g22066
353,,225,At the Back of the North Wind,George MacDonald,1871,1985,,catalogue-match,,
354,,26732,Free Air,Sinclair Lewis,1919,1981,novel,wikidata,,
355,,1245,Night and Day (Woolf novel),Virginia Woolf,1919,1980,novel,wikidata,,
356,,29220,Monday or Tuesday,Virginia Woolf,1921,1942,,catalogue-match,,
357,,1640,Lilith (novel),George MacDonald,1895,1918,novel,wikidata,,
358,,56644,Bulfinch's Mythology,Thomas Bulfinch,1855,1908,,wikidata,,
359,,20008,The Young Duke,Benjamin Disraeli,1831,1884,,catalogue-match,,
360,,8164,My Man Jeeves,P. G. Wodehouse,1919,1883,short story collection,wikidata,,
361,,1951,The Coming Race,Baron Edward Bulwer Lytton Lytton,,1878,,old-bank,True,g1951
362,,42332,The Sorrows of Satan,Marie Corelli,1895,1866,,catalogue-match,,
363,,2609,The Vicomte de Bragelonne,Alexandre Dumas,,1856,,old-bank,True,g2609
364,,2145,Ben-Hur: A Tale of the Christ,Lew Wallace,1880,1849,,catalogue-match,,
365,,1448,Heidi,Johanna Spyri,1880,1840,,catalogue-match,,
366,,32338,Toilers of the Sea,Q535,1866,1838,,translation,,
367,,882,Sketches by Boz,Charles Dickens,1836,1826,,catalogue-match,,
368,,535,Travels with a Donkey in the Cévennes,Robert Louis Stevenson,1879,1781,,catalogue-match,,
369,,2911,Justice (play),John Galsworthy,1922,1751,,catalogue-match,,
370,,15859,The Piazza Tales,Herman Melville,1856,1744,,catalogue-match,,
371,,456,The Door in the Wall (short story),H. G. Wells,1911,1738,,catalogue-match,,
372,,68236,The Colour Out of Space,H. P. Lovecraft,1927,1731,,catalogue-match,,
373,,4274,Wives and Daughters,Elizabeth Gaskell,1864,1727,novel,wikidata,,
374,,59254,The Inimitable Jeeves,P. G. Wodehouse,1923,1723,short story collection,wikidata,,
375,,90,The Son of Tarzan,Edgar Rice Burroughs,1915,1708,,catalogue-match,,
376,,61077,The King of Elfland's Daughter,"Edward Plunkett, 18th Baron of Dunsany",1924,1706,novel,wikidata,,
377,,2429,Lost Face,Jack London,1910,1706,,catalogue-match,,
378,,157,Daddy-Long-Legs (novel),Jean Webster,1912,1693,,catalogue-match,,
379,,914,The Uncommercial Traveller,Charles Dickens,1875,1690,,wikidata,,
380,,79003,Last and First Men,Olaf Stapledon,1930,1668,,catalogue-match,,
381,,6523,The Post Office (play),Rabindranath Tagore,1912,1641,,catalogue-match,,
382,,14323,Là-bas (novel),Joris-Karl Huysmans,1891,1638,,catalogue-match,,
383,,243,The Forged Coupon,Leo Tolstoy,1912,1637,,catalogue-match,,
384,,67090,The Worm Ouroboros,E. R. Eddison,1922,1627,,catalogue-match,,
385,,559,Greenmantle,John Buchan,1916,1626,novel,old-bank,True,g559
386,,447,Maggie: A Girl of the Streets,Stephen Crane,1893,1619,,catalogue-match,,
387,,1840,The Financier,Theodore Dreiser,1912,1613,novel,wikidata,,
388,,1696,The Club of Queer Trades,G. K. Chesterton,1905,1612,short story collection,wikidata,,
389,,106,Jungle Tales of Tarzan,Edgar Rice Burroughs,,1607,,old-bank,True,g106
390,,5342,The Story Girl,L. M. Montgomery,,1599,,old-bank,True,g5342
391,,15137,The Tale of Mrs. Tiggy-Winkle,Beatrix Potter,1905,1593,,wikidata,,
392,,62940,Mrs. Spring Fragrance,Sui Sin Far,1912,1578,,catalogue-match,,
393,,498,Rebecca of Sunnybrook Farm,Kate Douglas Smith Wiggin,1903,1577,novel,old-bank,True,g498
394,,60093,Cane (novel),Jean Toomer,1923,1575,novel,wikidata,,
395,,1480,Tom Brown's School Days,Thomas Hughes,1857,1575,,catalogue-match,,
396,,13015,Tales of Old Japan,"Algernon Freeman-Mitford, 1st Baron Redesdale",1871,1571,,catalogue-match,,
397,,27085,Rootabaga Stories,Carl Sandburg,1922,1558,,catalogue-match,,
398,,22354,The Adventures of Maya the Bee,Waldemar Bonsels,1912,1553,,catalogue-match,,
399,,91,Tom Sawyer Abroad,Mark Twain,,1552,,old-bank,True,g91
400,,1197,Taras Bulba,Nikolai Gogol,1835,1545,,catalogue-match,,
401,,3499,Jo's Boys,Louisa May Alcott,1886,1542,,wikidata,,
402,,26526,Stingaree (novel),Ernest William Hornung,1905,1541,,catalogue-match,,
403,,2892,Irish Fairy Tales,James Stephens,1920,1539,,wikidata,,
404,,3031,"Lobo, the King of Currumpaw",Ernest Thompson Seton,1898,1528,short story,wikidata,,
405,,3261,News from Nowhere,William Morris,1890,1522,novel,wikidata,,
406,,8395,The Gods of Pegāna,"Edward Plunkett, 18th Baron of Dunsany",1905,1499,short story,wikidata,,
407,,56528,Germinal (novel),Émile Zola,1885,1496,,catalogue-match,,
408,,17731,"The Nigger of the ""Narcissus""",Joseph Conrad,1897,1485,novel;novella,wikidata,,
409,,14868,The Tailor of Gloucester,Beatrix Potter,1903,1481,,wikidata,,
410,,6373,The Luck of Roaring Camp,Bret Harte,1868,1457,,catalogue-match,,
411,,770,The Story of the Treasure Seekers,E. Nesbit,1899,1454,novel,old-bank,True,g770
412,,367,The Country of the Pointed Firs,Sarah Orne Jewett,1896,1451,novel,wikidata,,
413,,1028,The Professor (novel),Charlotte Brontë,1857,1448,novel,wikidata,,
414,,620,Sylvie and Bruno,Lewis Carroll,1889,1446,,catalogue-match,,
415,,2710,Louise de la Vallière,Alexandre Dumas,,1445,,old-bank,True,g2710
416,,1013,The First Men in the Moon,H. G. Wells,1901,1441,,catalogue-match,,
417,,1202,Tales of Unrest,Joseph Conrad,1898,1437,short story collection,wikidata,,
418,,5265,The Ball and the Cross,G. K. Chesterton,1909,1437,novel,wikidata,,
419,,6695,Tales of the Jazz Age,F. Scott Fitzgerald,1922,1435,short story collection,wikidata,,
420,,2804,Rose in Bloom,Louisa May Alcott,1876,1433,novel,wikidata,,
421,,517,The Emerald City of Oz,L. Frank Baum,1910,1429,novel,wikidata,,
422,,8606,The Blue Bird (play),Maurice Maeterlinck,1908,1426,,catalogue-match,,
423,,26977,The Old Tobacco Shop,William Bowen,1921,1423,,catalogue-match,,
424,,65974,"Carry On, Jeeves",P. G. Wodehouse,1925,1423,,catalogue-match,,
425,,154,The Rise of Silas Lapham,William Dean Howells,1885,1414,novel,wikidata,,
426,,25519,Little Wizard Stories of Oz,L. Frank Baum,1914,1413,,catalogue-match,,
427,,27384,The Regent's Daughter,Alexandre Dumas,1845,1411,,catalogue-match,,
428,,2787,An Old-Fashioned Girl,Louisa May Alcott,1869,1402,,catalogue-match,,
429,,6406,The Monastery: A Romance,Walter Scott,1820,1395,novel,wikidata,,
430,,1178,Constitution of the Lacedaemonians,Xenophon,-40,1394,prose,wikidata,,
431,,1441,The Story of an African Farm,Olive Schreiner,1883,1387,novel,wikidata,,
432,,1438,No Name (novel),Wilkie Collins,1862,1385,,wikidata,,
433,,1026,The Diary of a Nobody,George Grossmith & Weedon Grossmith,1892,1385,,catalogue-match,,
434,,30123,Micromégas,Voltaire,1752,1381,,catalogue-match,,
435,,6782,The Robbers,Friedrich Schiller,1782,1380,,catalogue-match,,
436,,79424,The Libertine (book),Charlotte Dacre,1807,1379,,catalogue-match,,
437,,4368,Flappers and Philosophers,F. Scott Fitzgerald,1920,1369,short story collection,wikidata,,
438,,3023,"Faust, Part One",Johann Wolfgang von Goethe,1808,1368,,catalogue-match,,
439,,832,Robin Hood,J. Walker McSpadden,,1367,,old-bank,True,g832
440,,27884,Niels Klim's Underground Travels,Ludvig Holberg,1741,1359,novel,wikidata,,
441,,513,"The Snow-Image, and Other Twice-Told Tales",Nathaniel Hawthorne,1852,1355,,catalogue-match,,
442,,13468,The New Jerusalem (Chesterton book),G. K. Chesterton,1920,1353,,wikidata,,
443,,3608,The Ragged-Trousered Philanthropists,Robert Tressell,1914,1348,novel,wikidata,,
444,,5348,Ragged Dick,Horatio Alger,1868,1346,novel,wikidata,,
445,,1162,The Star Rover,Jack London,1915,1337,novel,wikidata,,
446,,23489,Godfrey Morgan,Jules Verne,1882,1333,,catalogue-match,,
447,,20004,Tancred (novel),Benjamin Disraeli,1847,1328,,catalogue-match,,
448,,85,The Beasts of Tarzan,Edgar Rice Burroughs,,1327,,old-bank,True,g85
449,,3836,The Swiss Family Robinson,Johann David Wyss,1812,1306,,catalogue-match,,
450,,837,The Story of the Amulet,E. Nesbit,1906,1303,novel,old-bank,True,g837
451,,47356,Studies on Homer and the Homeric Age,William Ewart Gladstone,1858,1298,,catalogue-match,,
452,,21640,"A Bid for Fortune; Or, Doctor Nikola's Vendetta",Guy Boothby,1895,1297,,catalogue-match,,
453,,1213,The Man That Corrupted Hadleyburg,Mark Twain,1899,1297,,catalogue-match,,
454,,54672,The Indiscreet Jewels,Denis Diderot,1748,1293,novel,wikidata,,
455,,1860,Westward Ho! (novel),Charles Kingsley,1855,1288,novel,wikidata,,
456,,1424,Castle Rackrent,Maria Edgeworth,1800,1286,novel,wikidata,,
457,,34970,"Pierre; or, The Ambiguities",Herman Melville,1852,1285,,catalogue-match,,
458,,11323,"Things as They Are; or, The Adventures of Caleb Williams",William Godwin,1794,1282,novel,wikidata,,
459,,37775,Etidorhpa,John Uri Lloyd,1895,1279,,catalogue-match,,
460,,17034,English Fairy Tales,Flora Annie Steel,1918,1270,,catalogue-match,,
461,,2480,Under Western Eyes (novel),Joseph Conrad,1911,1265,novel,wikidata,,
462,,92,Tarzan and the Jewels of Opar,Edgar Rice Burroughs,1916,1265,,catalogue-match,,
463,,30852,The Tin Woodman of Oz,L. Frank Baum,1918,1264,novel,wikidata,,
464,,35587,The Headless Horseman (novel),Thomas Mayne Reid,1865,1262,,catalogue-match,,
465,,32242,A Wonder-Book for Girls and Boys,Nathaniel Hawthorne,1851,1256,short story collection,wikidata,,
466,,402,Penrod,Booth Tarkington,1914,1252,novel,old-bank,True,g402
467,,25919,Miss Mapp,Edward Frederic Benson,1922,1249,,catalogue-match,,
468,,471,The Bride of Lammermoor,Walter Scott,1819,1248,,catalogue-match,,
469,,27690,Nobody's Girl (novel),Hector Malot,1893,1227,novel,wikidata,,
470,,20869,The Skylark of Space,Edward Elmer Smith & Lee Hawkins Garby,1928,1226,,catalogue-match,,
471,,3760,Sybil (novel),Benjamin Disraeli,1845,1223,,catalogue-match,,
472,,4084,The Adventures of Peregrine Pickle,Tobias Smollett,1751,1222,novel,wikidata,,
473,,2084,The Way of All Flesh,Samuel Butler,1903,1218,novel,wikidata,,
474,,47312,The Mysteries of London,George W. M. Reynolds,1845,1210,,catalogue-match,,
475,,13514,Tales of a Traveller,Washington Irving,1824,1206,,catalogue-match,,
476,,711,Allan Quatermain,H. Rider Haggard,,1205,,old-bank,True,g711
477,,3045,The Last Chronicle of Barset,Anthony Trollope,1866,1205,novel,wikidata,,
478,,2870,Washington Square (novel),Henry James,1880,1204,,catalogue-match,,
479,,14220,The Tale of the Flopsy Bunnies,Beatrix Potter,1909,1202,,wikidata,,
480,,38241,Uncle's Dream,Fyodor Dostoyevsky,1859,1200,,catalogue-match,,
481,,39402,Jeremiah (play),Stefan Zweig,1917,1200,,catalogue-match,,
482,,27711,Germinie Lacerteux,Edmond de Goncourt & Jules de Goncourt,1886,1194,,catalogue-match,,
483,,76513,Billy Budd,Herman Melville,1924,1191,,catalogue-match,,
484,,19500,Can You Forgive Her?,Anthony Trollope,1864,1190,novel,wikidata,,
485,,45264,The Tale of Two Bad Mice,Beatrix Potter,1904,1189,,catalogue-match,,
486,,111,Freckles (novel),Gene Stratton-Porter,1904,1186,,catalogue-match,,
487,,60067,Leave It to Psmith,P. G. Wodehouse,1923,1184,novel,wikidata,,
488,,7381,The Eustace Diamonds,Anthony Trollope,1872,1179,novel,wikidata,,
489,,54700,Oblomov,Ivan Goncharov,1859,1166,,catalogue-match,,
490,,13159,Illusions perdues,Honoré de Balzac,1837,1164,novel,wikidata,,
491,,1826,Sarrasine,Honoré de Balzac,1831,1163,,catalogue-match,,
492,,344,The Merry Men and Other Tales and Fables,Robert Louis Stevenson,1887,1159,short story collection,wikidata,,
493,,1944,The Witch (short story),Anton Chekhov,1886,1159,,catalogue-match,,
494,,29257,The Book of Khalid,Ameen Fares Rihani,1911,1158,,wikidata,,
495,,22246,The Upper Berth,Francis Marion Crawford,1886,1158,,catalogue-match,,
496,,15493,The Lancashire Witches,William Harrison Ainsworth,1848,1157,,catalogue-match,,
497,,26719,An Anarchist Woman,Hutchins Hapgood,1909,1155,,catalogue-match,,
498,,1154,The Voyages of Doctor Dolittle,Hugh Lofting,1922,1153,novel,old-bank,True,g1154
499,,24750,Mizora,Mary E. Bradley Lane,1880,1150,,catalogue-match,,
500,,13416,The Darling (short story),Anton Chekhov,1899,1149,short story,wikidata,,
501,,30344,Roxana: The Fortunate Mistress,Daniel Defoe,1724,1141,novel,wikidata,,
502,,985,Father Sergius,Leo Tolstoy,1911,1138,,catalogue-match,,
503,,701,The King of the Golden River,John Ruskin,1842,1136,novel;short story;novella,wikidata,,
504,,5340,Further Chronicles of Avonlea,Lucy Maud Montgomery,1920,1134,,catalogue-match,,
505,,93,"Tom Sawyer, Detective",Mark Twain,1896,1132,novel,old-bank,True,g93
506,,2845,Sir Nigel,Arthur Conan Doyle,,1132,,old-bank,True,g2845
507,,1565,The Last Days of Pompeii,Edward Bulwer-Lytton,1834,1132,novel,wikidata,,
508,,4737,A Tale of a Tub,Jonathan Swift,1704,1126,novel,wikidata,,
509,,697,The Light Princess,George MacDonald,1864,1123,,catalogue-match,,
510,,5140,He Knew He Was Right,Anthony Trollope,1869,1118,,catalogue-match,,
511,,2726,Eight Cousins,Louisa May Alcott,1875,1116,novel,wikidata,,
512,,55307,The Black Monk,Anton Chekhov,1894,1113,,catalogue-match,,
513,,43092,The Dead Secret,Wilkie Collins,1857,1104,,catalogue-match,,
514,,18640,Phineas Redux,Anthony Trollope,1874,1103,novel,wikidata,,
515,,72961,Buddenbrooks,Thomas Mann,1901,1103,,catalogue-match,,
516,,5247,The Old Wives' Tale,Arnold Bennett,1908,1097,novel,wikidata,,
517,,4313,The Odd Women,George Gissing,1893,1091,novel,wikidata,,
518,,46597,In Search of the Castaways,Jules Verne,1864,1083,,catalogue-match,,
519,,765,The Moon Pool,Abraham Merritt,,1082,,old-bank,True,g765
520,,1449,The Valley of the Moon (novel),Jack London,1913,1081,novel,wikidata,,
521,,395,The Holy War,John Bunyan,1682,1081,,translation,,
522,,482,The Woodlanders,Thomas Hardy,1887,1081,,catalogue-match,,
523,,29413,The Adventures of Captain Hatteras,Jules Verne,1864,1079,,catalogue-match,,
524,,9840,Vivian Grey,Benjamin Disraeli,1826,1075,novel,wikidata,,
525,,7477,The Book of Wonder,"Edward Plunkett, 18th Baron of Dunsany",1912,1072,short story,wikidata,,
526,,1557,Men of Iron,Howard Pyle,,1071,,old-bank,True,g1557
527,,520,The Life and Adventures of Santa Claus,L. Frank Baum,1912,1067,,old-bank,True,g520
528,,619,The Warden,Anthony Trollope,1855,1067,,catalogue-match,,
529,,42455,The Mystery of the Sea,Bram Stoker,1902,1065,novel,wikidata,,
530,,1709,New Grub Street,George Gissing,1891,1063,novel,wikidata,,
531,,40882,"Felix Holt, the Radical",George Eliot,1866,1060,,catalogue-match,,
532,,96,The Monster Men,Edgar Rice Burroughs,1929,1058,novel,old-bank,True,g96
533,,2346,The Adventure of the Bruce-Partington Plans,Arthur Conan Doyle,1908,1057,novelette,old-bank,True,g2346
534,,4047,The Leavenworth Case,Anna Katharine Green,,1053,,old-bank,True,g4047
535,,318,John Barleycorn (novel),Jack London,1913,1052,,catalogue-match,,
536,,68229,All the Sad Young Men,F. Scott Fitzgerald,1926,1050,,catalogue-match,,
537,,1085,The Life of John Sterling,Thomas Carlyle,1851,1049,,catalogue-match,,
538,,2786,Jack and Jill: A Village Story,Louisa May Alcott,1880,1046,,wikidata,,
539,,76911,Good-Bye to All That,Robert Graves,1929,1044,,catalogue-match,,
540,,25876,The House with the Green Shutters,George Douglas Brown,1901,1042,novel,wikidata,,
541,,4540,In His Steps,Charles Monroe Sheldon,1896,1037,novel,wikidata,,
542,,29756,The Cat of Bubastes,G. A. Henty,1888,1034,,catalogue-match,,
543,,52468,The Lower Depths,Maxim Gorky,1903,1034,,catalogue-match,,
544,,423,Round the Red Lamp,Arthur Conan Doyle,1894,1030,short story collection,wikidata,,
545,,4090,From Ritual to Romance,Q3808161,1920,1030,,wikidata,,
546,,1842,Michael Strogoff,Jules Verne,1876,1028,,catalogue-match,,
547,,26854,The Trembling of a Leaf,William Somerset Maugham,1921,1022,,catalogue-match,,
548,,4761,The Cossacks (novel),Leo Tolstoy,1863,1021,,catalogue-match,,
549,,76599,My Past and Thoughts,Alexander Herzen,1861,1021,,catalogue-match,,
550,,329,Island Nights' Entertainments,Robert Louis Stevenson,1893,1019,short story collection,wikidata,,
551,,6424,A Modern Utopia,H. G. Wells,1905,1015,novel,wikidata,,
552,,7371,A Sicilian Romance,Ann Radcliffe,1790,1013,novel,wikidata,,
553,,2860,Framley Parsonage,Anthony Trollope,1861,1013,novel,wikidata,,
554,,561,The Further Adventures of Robinson Crusoe,Daniel Defoe,1719,1012,,old-bank,True,g561
555,,346,The Troll Garden,Willa Cather,1905,1012,,catalogue-match,,
556,,79489,The Grandmothers,Glenway Wescott,1927,1008,,catalogue-match,,
557,,17089,The Tale of Mrs. Tittlemouse,Beatrix Potter,1910,1002,,wikidata,,
558,,36028,Royal Highness (novel),Thomas Mann,1909,1000,,catalogue-match,,
559,,37027,With Fire and Sword,Henryk Sienkiewicz,1884,996,,catalogue-match,,
560,,3457,The Man of the Forest,Zane Grey,,995,,old-bank,True,g3457
561,,2347,The Adventure of the Dying Detective,Arthur Conan Doyle,1913,995,short story,old-bank,True,g2347
562,,15575,The Tale of Samuel Whiskers or The Roly-Poly Pudding,Beatrix Potter,1908,995,,wikidata,,
563,,678,The Cricket on the Hearth,Charles Dickens,1845,994,novella,wikidata,,
564,,11696,The Food of the Gods and How It Came to Earth,H. G. Wells,1904,992,novel,wikidata,,
565,,3166,Doctor Thorne,Anthony Trollope,1858,992,,catalogue-match,,
566,,419,The Magic of Oz,L. Frank Baum,1919,991,novel,old-bank,True,g419
567,,285,The Lost Continent: The Story of Atlantis,C. J. Cutcliffe Hyne,1900,990,novel,wikidata,,
568,,653,The Chimes,Charles Dickens,1844,990,,catalogue-match,,
569,,1190,The Jolly Corner,Henry James,1908,988,short story,wikidata,,
570,,73727,Metropolis (novel),Thea von Harbou,1926,987,,catalogue-match,,
571,,3179,The American Claimant,Mark Twain,1892,986,novel,wikidata,,
572,,29042,A Tangled Tale,Lewis Carroll,1885,984,,catalogue-match,,
573,,2502,Chitra (play),Rabindranath Tagore,1914,981,,catalogue-match,,
574,,59239,The Flying Inn,G. K. Chesterton,1914,978,novel,wikidata,,
575,,179,The Europeans,Henry James,1899,978,,catalogue-match,,
576,,4770,Work: A Story of Experience,Louisa May Alcott,1873,977,novel,wikidata,,
577,,709,The Princess and Curdie,George MacDonald,1883,977,,catalogue-match,,
578,,1848,Montezuma's Daughter,H. Rider Haggard,1893,976,novel,old-bank,True,g1848
579,,420,Dorothy and the Wizard in Oz,L. Frank Baum,1908,975,novel,old-bank,True,g420
580,,5174,The Holy Flower,H. Rider Haggard,1915,974,novel,wikidata,,
581,,7166,The Home and the World,Rabindranath Tagore,1916,974,novel,wikidata,,
582,,17780,Scenes of Clerical Life,George Eliot,1857,973,,catalogue-match,,
583,,2662,Under the Greenwood Tree,Thomas Hardy,1872,973,,catalogue-match,,
584,,605,Pellucidar,Edgar Rice Burroughs,1915,971,novel,old-bank,True,g605
585,,2158,The Prime Minister (novel),Anthony Trollope,1875,970,novel,wikidata,,
586,,46709,Memoirs of Joseph Grimaldi,Charles Dickens,1838,969,novel,wikidata,,
587,,32596,The Revolt of the Angels,Anatole France,1914,969,,catalogue-match,,
588,,62254,Fabiola (novel),Nicholas Patrick Stephen Wiseman,1854,965,novel,wikidata,,
589,,25014,Bouvard and Pécuchet,Gustave Flaubert,1881,965,,catalogue-match,,
590,,2020,Tarzan the Terrible,Edgar Rice Burroughs,,961,,old-bank,True,g2020
591,,50054,The Female Quixote,Charlotte Lennox,1752,959,,catalogue-match,,
592,,7079,The Companions of Jehu,Alexandre Dumas,,957,,old-bank,True,g7079
593,,21659,Some Everyday Folk and Dawn,Miles Franklin,1909,957,,catalogue-match,,
594,,3629,The Titan (novel),Theodore Dreiser,1914,956,novel,wikidata,,
595,,27537,Sentimental Education,Gustave Flaubert,1869,954,,catalogue-match,,
596,,1267,Kai Lung's Golden Hours,Ernest Bramah,1922,952,novel,wikidata,,
597,,23000,Orley Farm (novel),Anthony Trollope,1862,951,novel,wikidata,,
598,,8123,The Virginians,William Makepeace Thackeray,1857,950,,catalogue-match,,
599,,2721,Eric Brighteyes,H. Rider Haggard,1890,949,novel,wikidata,,
600,,8183,Time and the Gods,"Edward Plunkett, 18th Baron of Dunsany",1906,948,short story collection,wikidata,,
